Tank,Unit,FreqPair,Polarity,N_Spikes,SNR,PeakToPeak_(V),Jitter_(ms),MeanCorrelation
18_048,1-3,1,neg,443,1.8703408,0.0001226262,0.5709138109426612,0.6535658849495188
18_048,2-1,1,neg,648,2.2540832,8.945157e-05,0.44142651000095845,0.7043895521319593
18_058,3-1,1,neg,744,2.6375291,0.0001092662,0.2893648575220154,0.814233048472743
18_079,1-2,1,neg,193,1.8046303,0.00010500284,0.669754096028555,0.6338528418915684
18_092,1-2,1,neg,3430,2.5566497,8.764933e-05,0.34678899163162347,0.7749487073125665
18_117,1-1,1,neg,2838,2.1701787,3.6268946e-05,0.3086273251097222,0.7350367932201998
18_137,2-1,1,neg,370,2.5170758,5.6424797e-05,0.2526352585114898,0.7754743308317663
18_137,3-1,1,pos,1279,1.4475316,4.560455e-05,0.25764333182495414,0.5862945075689879
18_175,2-1,1,neg,6324,2.3944192,0.0002903517,0.29596271553116593,0.8507763546759874
18_175,2-1,2,neg,545,1.7677815,0.00014272323,0.24010025940458493,0.7465223636831374
18_191,3-1,1,neg,1456,2.9789052,0.000120609686,0.1442677545134183,0.8213300706139244
19_031,3-1,1,neg,1836,1.9437859,7.3193645e-05,0.6040137170565438,0.592624480994143
19_031,4-1,1,neg,3861,2.1961145,8.317417e-05,0.5320069358329279,0.6960417288944387
19_035,1-1,1,neg,668,2.8403337,0.00017671403,0.1677241679043529,0.9215844789196794
19_035,1-1,2,neg,634,2.8322783,0.00018424989,0.13615672840326487,0.9178090118713318
19_037,2-1,1,neg,779,2.2822342,3.1750296e-05,0.375734255762349,0.7527624630207895
19_046,2-1,1,neg,1083,2.760654,0.00012577594,0.23554404107922275,0.8304021791582841
19_046,3-1,1,neg,1285,2.4911606,0.00019099831,0.10386260335074754,0.9080310195163369
19_046,3-1,2,neg,702,2.939787,0.00018279703,0.0042482937506967975,0.9520578068206773
19_049,2-1,1,neg,2178,2.4250565,6.864169e-05,0.4268433160842176,0.6857018797664242
19_049,2-1,2,neg,2517,2.3586476,6.857471e-05,0.4319582541554367,0.6885589411332932
19_049,4-1,1,neg,880,2.943523,0.00012325891,0.12109109076481049,0.853777428027761
19_049,4-1,2,neg,914,3.2202907,0.00013992673,0.09810864200329691,0.9040485980832739
19_056,2-1,1,neg,1031,2.6822572,8.77502e-05,0.2929842509094025,0.8092526883048708
19_056,2-1,2,neg,963,2.6628096,8.8218854e-05,0.26157460438914604,0.8212319145504386
19_120,1-1,1,neg,1478,2.308965,0.00014867926,0.40355265243328525,0.7023031165460898
19_120,1-1,2,neg,1574,2.2585857,0.00013973098,0.3992677005227201,0.6767785231417695
21_015,8-1,1,neg,3368,2.4175336,0.00014579942,0.2798114448334604,0.7168213523813702
21_015,10-1,1,neg,3528,1.818195,0.00010366035,0.44156000219063446,0.5907373908078475
21_016,8-1,1,neg,3949,1.8229666,0.00086717407,0.09945332671454259,0.9199459615703363
21_016,8-1,2,neg,4040,1.5396019,0.00068657973,0.09343762211207972,0.9249308174844771
21_016,8-2,1,pos,228,3.499029,0.0017150014,0.13051558227891952,0.9752364682652602
21_016,10-1,1,neg,2552,1.9453846,7.268809e-05,0.2614408162901735,0.7393007709416013
21_016,11-2,1,neg,15420,1.8137785,7.104206e-05,0.3512572247966522,0.700818096813426
21_016,13-1,1,neg,350,0.44674647,9.322653e-05,0.3086706829827146,0.5743519952048249
21_016,14-2,1,pos,6506,2.2435071,3.1266227e-05,0.8123755833912031,0.5770824560261092
21_017,3-1,1,neg,2493,2.2339692,0.000115544084,0.3779219001664101,0.7478825238965594
21_017,5-2,1,neg,348,3.1759303,0.0001095755,0.20736340515464927,0.7656727816738047
21_017,6-1,1,neg,790,2.2671914,6.695806e-05,0.24946608993790248,0.7165700299622191
21_017,8-2,1,neg,1077,2.097937,6.752026e-05,0.3160735430005109,0.8068129830999387
21_017,9-3,1,neg,1464,2.5490243,7.73785e-05,0.10617417184377498,0.7514362311996432
21_018,10-1,1,neg,1334,2.752593,6.526506e-05,0.20361848108200098,0.7435674196445947
21_018,13-1,1,pos,4,3.0724525,5.886962e-05,0.9201588732387468,0.7581448222559253
21_018,14-1,1,neg,28938,2.1248567,8.1280676e-05,0.3888829971955219,0.7166350088056552
21_018,15-1,1,neg,3361,1.248724,9.202927e-05,0.2289855184375165,0.782597885877304
21_018,17-1,1,neg,4788,2.2793136,7.5027914e-05,0.2765319757462921,0.7870320922180163
21_020,4-1,1,neg,624,2.0075927,7.635065e-05,0.4355061920122369,0.6445328792300421
21_020,4-2,1,neg,1152,2.248701,0.00011180358,0.251532699550595,0.7504516264991669
21_020,4-4,1,neg,308,2.6428137,0.00021567996,0.0850004987998421,0.9518111734758438
21_021,6-1,1,neg,1856,2.3709893,0.00014478058,0.2914432223593735,0.747850647010369
21_021,6-2,1,neg,5063,2.5731938,0.0001509352,0.19878404962262114,0.8841433934914249
21_021,6-3,1,neg,3821,2.298834,0.00017188757,0.16434268208082167,0.8963708706294252
21_021,7-1,1,neg,1958,1.9967073,4.872461e-05,0.433060037014695,0.6194106877873609
21_021,7-2,1,neg,1059,1.2173084,7.670111e-05,0.32249964389740454,0.7114287078214222
21_021,7-3,1,neg,1324,2.233449,0.00014054777,0.31884692103564605,0.8044650913514816
21_022,4-1,1,neg,2669,1.5903977,6.93592e-05,0.4534793984124122,0.6524315340154103
21_022,5-2,1,neg,1711,2.8603566,0.00024945888,0.01612508622416421,0.9744120014414511
21_022,7-1,1,neg,1837,2.0483787,8.107193e-05,0.3304793403540069,0.6915671057523364
21_022,8-1,1,neg,279,1.2086207,0.0001100388,0.4553626254715835,0.7555867700438211
21_022,8-2,1,neg,595,2.173452,9.61824e-05,0.25740084505518973,0.7527730208716658
21_023,6-1,1,neg,2010,2.0629294,7.2691764e-05,0.3874199702977019,0.6692558216555266
21_023,7-1,1,neg,7844,2.1969845,0.00010191764,0.32299170878601124,0.7586571757472005
21_023,8-1,1,neg,2024,2.2107246,8.652583e-05,0.33060812968627573,0.7907302942489152
21_023,9-1,1,neg,2953,2.3115823,5.963383e-05,0.18289055594636638,0.7812449372258035
21_023,10-1,1,neg,2242,1.7887273,5.9091377e-05,0.43268408071320696,0.5884840766449665
21_040,5-4,1,neg,1388,2.402373,6.2678715e-05,0.30425227293852714,0.7239909674274335
21_040,5-5,1,neg,818,2.0579388,0.000103344384,0.33512569838597717,0.7713629510240992
22_001,5-1,1,neg,65,2.6113718,9.584359e-05,0.023135101032564814,0.8171853473905807
22_001,6-2,1,neg,537,2.5762405,0.00010744396,0.12607278597371546,0.867601807692213
22_001,10-1,1,neg,760,2.6457126,0.00014660395,0.0705934844073844,0.9339461561904909
22_003,7-1,1,neg,228,2.7230825,6.3917614e-05,0.0437186392448432,0.7656523544859702
22_003,8-1,1,neg,7864,2.5226424,8.671271e-05,0.1909627973944689,0.8206272161864369
22_003,8-3,1,neg,13501,2.3968685,0.0001717365,0.32367170226299574,0.8066782041057243
22_003,9-3,1,neg,1213,2.587216,0.00010586063,0.15569768848423216,0.877067791565738
22_003,9-5,1,neg,2351,2.2653136,0.00010103185,0.24441230632793248,0.817339529595655
22_004,9-1,1,pos,382,1.0670356,5.2261472e-05,0.8807744377052922,0.6002637241892212
22_004,9-2,1,pos,890,1.8450283,4.5150184e-05,0.8548770606512033,0.6459802791147163
22_004,10-1,1,neg,976,1.8708588,6.269557e-05,0.44891562518283706,0.6527242837836997
22_004,10-2,1,neg,2191,1.6463493,4.6392775e-05,0.4859896125694707,0.5976727051608991
22_005,6-1,1,neg,8705,2.2844973,5.5405977e-05,0.22953876075629814,0.7154054468581995
22_005,8-5,1,neg,5354,1.9678519,3.939836e-05,0.3733461734070411,0.6995996128120863
22_005,10-1,1,neg,1269,2.3395722,6.348621e-05,0.34740289528229407,0.7200244939960085
22_009,2-1,1,neg,1960,2.747738,0.00033435208,0.0825168585855066,0.9180501181222918
22_009,3-1,1,neg,2285,2.441675,0.00027246357,0.03599566169660049,0.9332440804307003
22_009,5-1,1,neg,1686,1.6132417,0.00032198202,0.13807754663882768,0.7234009273570636
22_020,1-2,1,neg,3104,2.5824332,0.0002795518,0.24435784403566402,0.8255760854195783
22_020,2-3,1,neg,771,2.3570435,0.00019073329,0.10911820198635609,0.7950104537716967
22_020,3-1,1,neg,730,1.8172337,0.0011669645,0.23568407801499808,0.7503090063538376
22_020,4-1,1,neg,6204,2.6424856,0.00020421908,0.2821872142010079,0.7998550104586328
22_020,5-3,1,neg,1369,2.1079092,0.00016832029,0.19521475625566656,0.8489464026341823
22_021,2-1,1,neg,502,2.5054145,0.00012668835,0.12208165882944434,0.7230031501975077
22_021,5-1,1,neg,4314,2.6313274,8.645158e-05,0.05962725044065643,0.8235737704817818
22_021,6-1,1,neg,1741,2.1073923,4.2062522e-05,0.2478214789825829,0.5828413006895452
22_021,6-2,1,neg,501,0.9939723,4.8445865e-05,0.176247280513403,0.6830757220413858
22_021,6-3,1,neg,2779,0.6423602,4.9892446e-05,0.18289302573956426,0.7892929016381856
22_024,1-1,1,neg,393,2.0330493,0.00014007617,0.11065993266897331,0.8339045427866307
22_024,1-2,1,neg,242,2.319392,0.00018427492,0.2081533042940848,0.7834952050334925
22_024,1-3,1,neg,5382,1.7574385,0.00011285023,0.4921204141420289,0.6173694143919782
22_024,2-1,1,neg,508,0.8476371,0.00018018877,0.219268385378595,0.746334858229835
22_024,4-1,1,neg,1974,2.0256073,0.000104058905,0.2137365841068868,0.7428251553155224
22_024,6-2,1,neg,998,2.119157,0.00012297876,0.2286205480751578,0.7316273125862893
22_026,1-1,1,neg,664,1.6770505,8.634978e-05,0.4425526135960851,0.6438210562693367
22_026,1-2,1,neg,415,1.9066197,0.00010420897,0.2451163465383615,0.7676942775128373
22_026,2-1,1,neg,2095,1.8412551,9.7165015e-05,0.4125052444005085,0.6521994188904596
22_030,1-2,1,neg,1529,1.8780452,0.00010300788,0.28315864054529066,0.7208815496253339
22_030,1-3,1,neg,3762,1.8152314,0.00028258012,0.12695862205814526,0.8594981201408677
22_030,2-1,1,neg,542,1.4143848,8.495616e-05,0.14127134659236665,0.6839845345083215
22_030,2-4,1,neg,803,2.2436109,0.00010361582,0.15705796007932293,0.7917214341576242
22_030,3-1,1,pos,1599,2.387722,0.00051436125,0.172378093324734,0.946225536047044
22_033,1-1,1,neg,1422,1.5410252,0.00025810918,0.1965059262078618,0.6188912162777995
22_033,3-2,1,neg,5995,1.672559,7.606755e-05,0.3859468911243964,0.6636323242141515
22_033,3-3,1,neg,1925,1.7195117,0.0001059976,0.32773834268534585,0.6876841862521789
22_033,5-1,1,neg,3447,1.0772157,6.45914e-05,0.4624179440612712,0.602558942914369
22_035,1-2,1,neg,632,2.1875212,0.00015100883,0.19622267852200864,0.7594937551632709
22_035,1-3,1,neg,326,1.868458,0.00015973084,0.0824711932034271,0.8395193624659343
22_035,2-1,1,neg,618,2.0103185,0.00014980468,0.07408275206110872,0.8410753739123047
22_035,3-2,1,neg,4418,1.1191448,0.000118774515,0.2769653592139067,0.7129841834659172
22_035,4-1,1,neg,1068,1.8153152,0.00016623575,0.22800458887566163,0.7798564562922807
22_036,1-1,1,neg,1049,1.7836453,7.0426315e-05,0.2622452113111178,0.7233369098086543
22_036,1-2,1,neg,1114,0.7794576,0.00013225332,0.33539058570496627,0.7124840372417471
22_036,1-4,1,neg,1572,1.059017,0.00010856598,0.2940910578206979,0.7279309068914962
22_036,3-1,1,neg,6281,1.8667066,0.000114727096,0.26245953275910133,0.7693275712594423
22_036,6-1,1,neg,5856,1.5690218,0.00013028987,0.26988470729600333,0.8374740746360763
